use 3350_Final;
-- assumes you have already ran the DDL file
/* Values will be inserted in the same order that they were created in DDL*/

insert into Customer
values (1, 'Alison Creagh', '81 2nd Trail', 79148, 'acreagh0@facebook.com', '586-756-9711'),
       (2, 'Giavani Bulled', '518 Arrowood Pass', 79114, 'gbulled1@army.mil', '379-481-6791'),
       (3, 'Jervis Coultous', '49 Ludington Park', 79148, 'jcoultous2@dropbox.com', '919-596-5875'),
       (4, 'Alvin Ivanichev', '36821 Boyd Crossing', 79135, 'aivanichev3@cnn.com', '510-873-3869'),
       (5, 'Emelia Spurway', '3 Utah Terrace', 79127, 'espurway4@tripod.com', '391-919-5684'),
       (6, 'Arlyne Zannuto', '734 Mesta Junction', 79151, 'azannuto5@buzzfeed.com', '301-809-9077'),
       (7, 'Allin Doige', '9061 Elgar Crossing', 79121, 'adoige6@huffingtonpost.com', '491-699-8398'),
       (8, 'Debbi Meconi', '321 Heffernan Alley', 79140, 'dmeconi7@360.cn', '238-797-7793'),
       (9, 'Jules Teasell', '77674 Anzinger Lane', 79151, 'jteasell8@go.com', '644-966-7391'),
       (10, 'Umberto Edeson', '125 Grover Point', 79116, 'uedeson9@mail.ru', '990-628-5698'),
       (11, 'Cookie Dowdeswell', '0172 School Drive', 79124, 'cdowdeswella@yale.edu', '233-635-6626'),
       (12, 'Afton Ranstead', '7001 Green Ridge Street', 79115, 'aransteadb@printfriendly.com', '912-454-6904'),
       (13, 'Miguel Durrance', '28767 Rockefeller Junction', 79124, 'mdurrancec@bing.com', '777-117-3804'),
       (14, 'Judd Dorkins', '1466 Meadow Vale Terrace', 79145, 'jdorkinsd@ihg.com', '600-135-9193'),
       (15, 'Far Manuele', '54 Division Point', 79150, 'fmanuelee@opensource.org', '505-692-8487'),
       (16, 'Belle Edgeler', '58 Shoshone Point', 79115, 'bedgelerf@wix.com', '412-945-2329'),
       (17, 'Natala Guillotin', '914 Little Fleur Terrace', 79155, 'nguilloting@mtv.com', '626-715-1541'),
       (18, 'Kerrie Corish', '497 Twin Pines Alley', 79149, 'kcorishh@bloomberg.com', '121-187-4390')
;

insert into Bill
values (101, '2015-01-14', 338, 0, 3),
       (102, '2015-01-06', 59, 0, 4),
       (103, '2015-01-05', 350, 0, 5),
       (104, '2015-01-14', 384, 84, 4),
       (105, '2015-01-02', 688, 0, 1),
       (106, '2015-01-15', 214, 14, 5),
       (107, '2015-01-06', 461, 0, 18),
       (108, '2015-01-05', 100, 90, 1),
       (109, '2015-02-07', 85, 65, 4);


insert into Car
values ('3D7TP2CT0AG772172', 'Lexus', 'GX', 2009, 79981),
       ('3N1AB6AP9AL263687', 'Pontiac', 'Sunbird', 1992, 45381),
       ('1G4GA5ER0DF690458', 'Buick', 'Electra', 1990, 95293),
       ('1N6AF0KY5FN668410', 'Lincoln', 'Mark LT', 2008, 57852),
       ('WBA3C1C58FP238886', 'Volvo', 'S80', 2009, 89464),
       ('1FTEX1CM1DF308686', 'Mercedes-Benz', 'CLK-Class', 2004, 69361),
       ('4USBU53567L660273', 'Chevrolet', 'Aveo', 2009, 22542),
       ('1GD11XEG8FF460668', 'Mitsubishi', 'Eclipse', 2000, 75848),
       ('WAUEF78E78A567161', 'Chevrolet', 'Silverado 1500', 2009, 53182),
       ('WA1CGBFE2ED900562', 'Lexus', 'GS', 1995, 14742),
       ('JH4CU2E6XAC106495', 'Volkswagen', 'Type 2', 1991, 65169),
       ('3G5DB03E42S975994', 'Cadillac', 'DeVille', 1996, 76240),
       ('2C3CDXEJ7EH040515', 'Dodge', 'Ram 1500', 1999, 63906),
       ('1N4CL2AP8BC740348', 'Nissan', 'Altima', 2004, 30400),
       ('5NPDH4AE2BH367967', 'BMW', 'Z4', 2005, 11597),
       ('3G5DB03E13S488866', 'BMW', '7 Series', 1996, 79293),
       ('WAUCFAFH0AN108912', 'Saab', '9000', 1987, 41385),
       ('WBSBL93474J482753', 'GMC', '1500', 1996, 13546),
       ('KMHCT4AE8CU666621', 'GMC', 'Yukon', 2006, 81435),
       ('1N6AD0CU7EN585013', 'Ford', 'Escape', 2012, 25940);

insert into Customer_Car
values  (1,	'3D7TP2CT0AG772172'),
        (1,	'3N1AB6AP9AL263687'),
        (2,	'1G4GA5ER0DF690458'),
        (2,	'1N6AF0KY5FN668410'),
        (3,	'WBA3C1C58FP238886'),
        (4,	'1FTEX1CM1DF308686'),
        (5,	'4USBU53567L660273'),
        (6,	'1GD11XEG8FF460668'),
        (7,	'WAUEF78E78A567161'),
        (8,	'WA1CGBFE2ED900562'),
        (9,	'JH4CU2E6XAC106495'),
        (10,	'3G5DB03E42S975994'),
        (11,	'2C3CDXEJ7EH040515'),
        (12,	'1N4CL2AP8BC740348'),
        (13,	'5NPDH4AE2BH367967'),
        (14,	'3G5DB03E13S488866'),
        (15,	'WAUCFAFH0AN108912'),
        (16,	'WBSBL93474J482753'),
        (17,	'KMHCT4AE8CU666621'),
        (18,	'1N6AD0CU7EN585013');


insert into Ticket
values (178,  '2015-01-02', 'Making noise when moves', '3N1AB6AP9AL263687', 105),
       (283,  '2015-01-05', 'Making noise when moves', '3N1AB6AP9AL263687', 108),
       (14,   '2015-01-06', 'PM SERVICE  CHECK', '1FTEX1CM1DF308686', 102),
       (248,  '2015-01-06', 'NEED SERVICE CHECK BRAKES', '1N6AD0CU7EN585013', 107),
       (121,  '2015-01-09', 'NEED SERVICE', '4USBU53567L660273', 103),
       (13,   '2015-01-14', 'SERVICE ROB EXT 5604', 'WBA3C1C58FP238886', 101),
       (172,  '2015-01-14', 'SEAT BELT BUZZER KEEP GOING ON WHEN DRIVING WILL NOT STOP', '1FTEX1CM1DF308686', 104),
       (228,  '2015-01-15', 'Car Heats up', '4USBU53567L660273', 106),
       (626,  '2015-02-07', 'W-Shield wipers not working', '1FTEX1CM1DF308686', 109);

insert into Part
values (1000, 'Coolant', 22, 30),
       (111, 'COOLANT HEATER CONTROL VALVE', 18, 5),
       (1211, 'Seat Belt Assemply', 210, 4),
       (211, 'RS Mirror', 40, 4),
       (214, 'Washer Fluid', 4, 20),
       (323, 'Spinner Assembly', 450, 2),
       (378, 'Signal Bulb', 5, 20),
       (390, 'Light Bulb', 5, 25),
       (418, 'Windsheild Wiper', 15, 20),
       (425, 'Washer Hose', 10, 15),
       (462, 'OEM 1994-2001 Acura Integra GSR Climate Control Dash Vents Heater A/C', 70, 2),
       (463, '1994-1997 ACURA INTEGRA AC HEATER CLIMATE CONTROL WIRING HARNESS ORIGINAL OEM3450', 21, 4),
       (464, '1994 TO 1997 ACURA INTEGRA TEMPERATURE CONTROL w/O AC', 66, 5),
       (465, '1996 ACURA INTEGRA CLIMATE CONTROLLER', 45, 6),
       (466, 'WS26-5 OEM WARRANTY 1994-1997 INTEGRA TEMP AC HEAT CLIMATE CONTROL UNIT SWITCH', 30, 7),
       (467, '1994-1997 ACURA INTEGRA TEMPERATURE CONTROL W/AC271766', 70, 8),
       (468, '1994-1997 ACURA INTEGRA CLIMATE CONTROL SWITCH DASH VENT TRIM OEM A/C HEAT HEATER', 95, 3),
       (477, '1994-2001 Acura Integra OEM heater blend door flap vent actuator motor 063700-4861', 25, 9),
       (479, 'TEMPERATURE CONTROL W/AC FITS 1994-1997 INTEGRA 228948', 25, 22),
       (480, '1994-1995 Acura Integra driver air bag passenger air bag w/modual', 40, 4),
       (481, '1994-2001 Acura Integra GSR BLACK Leather Headrests', 44, 77),
       (482, 'TEMPERATURE CONTROL W/AC FITS 1994-1997 INTEGRA 1398401', 45, 8),
       (483, 'TEMPERATURE CONTROL W/AC FITS 1994-1997 INTEGRA 332843', 37, 2),
       (484, 'Aluminum A/C Receiver Drier', 12, 5),
       (485, '1994-1997 ACURA INTEGRA TEMPERATURE CONTROL W/AC', 30, 8),
       (486, 'RELAY 4 PIN 39792-SE0-22003 056700-7410 39792-SL4-22003 oem A1949', 7, 4),
       (487, 'COOLANT HEATER CONTROL VALVE MOUNT W/ CABLE LATCH', 18, 6),
       (506, 'INTEGRA Heat/AC Controller w/AC 1994-1997', 84, 8),
       (508, 'JDM Acura ST7 Integra Honda DC2 DB8 ITR Type-R Carbon A/C Climate Control OEM', 86, 2),
       (510, 'TEMPERATURE CONTROL W/AC FITS 1994-1997 INTEGRA 10187', 60, 4),
       (531, '1998 ACURA INTEGRA GSR OEM HEATER CONTROL LIGHT BAR', 13, 7),
       (532, 'COMPRESSOR CLUTCH RELAY AIR CONDITIONER Honda CIVIC GSR AC', 19, 6),
       (555, 'General Polts and Nuts', 3, 100),
       (617, 'TEMPERATURE CONTROL W/AC FITS 2000-2010 Honda Civic', 75, 6),
       (645, '1998-2001 Acura Integra Air Conditioning Harness B18b1 Ls A/c', 27, 6),
       (670, 'Heater A/c Control ACURA INTEGRA 1998-2001', 50, 6),
       (688, '1998-2001 ACURA INTEGRA TEMPERATURE CONTROL W/AC', 45, 6),
       (706, '2000 ACURA INTEGRA HEATER AND A/C CONTROL WIRING HARNESS PLUG OEM 32257-ST7-100', 20, 6),
       (712, '2000 ACURA INTEGRA HEATER AND A/C CONTROL WIRING HARNESS PLUG OEM 32257-ST7-100', 26, 6),
       (727, 'JDM HONDA DC2 DB8 ACURA INTEGRA TYPE-R B18C 1994-2001 A/C CARBON CLIMATE CONTROL II', 98, 5),
       (747, 'JDM Honda Acura Integra DC2 DB8 DC1 Carbon Type R A/C Climate Cotrol 1994-2001 OEM R', 98, 4),
       (756, 'JDM HONDA DC2 DB8 ACURA INTEGRA TYPE-R B18C 1994-2001 A/C CARBON CLIMATE CONTROL III', 98, 2),
       (768, '1994-2001 Honda Integra TypeR DC2 OEM A/C Climate Control ITR Import Carbon JDM', 100, 3),
       (769, 'INTEGRA Heat/AC Controller GS-R 2000-2001', 101, 1),
       (770, '2001, 2006 Honda Integra DC5 Acura AC Heater Climate Control JDM OEM', 100, 1),
       (771, '2001, 2006 Honda Integra DC5 Acura Type R Type S RSX AC Climate Control JDM OEM', 110, 1),
       (772, '1998-2001 ACURA INTEGRA TEMPERATURE CONTROL W/AC 197152', 25, 1),
       (773, '1987 ACURA LEGEND CLIMATE CONTROL w/ AUTO AC 79510SD4000 heater temperature', 50, 1),
       (774, 'TEMPERATURE CONTROL WITHOUT AUTOMATIC AC FITS 1986-1987 LEGEND 6291404', 350, 1),
       (777, 'A/C Expansion Valve', 14, 1),
       (778, 'HONDA ACURA RELAY 4 PIN 39792-SE0-2003 1990.4505.1 9041990, 4505, 5051 1', 10, 1),
       (783, 'TEMPERATURE CONTROL WITHOUT AUTOMATIC AC FITS 1988-1990 LEGEND 776698', 75, 1),
       (784, 'HS50A-8 OEM WARRANTY 1988-1990 LEGEND TEMP AC HEAT CLIMATE CONTROL PANEL SWITCH', 20, 1),
       (785, 'Water Pump', 85, 2),
       (800, 'High Mileage Full synthetic Oil 1Qrt', 6, 100),
       (811, 'Signal Relay', 20, 5),
       (822, 'SuperTech 3250 Engine Air Filter, Replacement Filter for Toyota', 15, 20),
       (825, 'FRAM Extra Guard Filter CH9972, 10K mile Change Interval Oil Filter', 7, 100),
       (867, 'Ceramic break pads', 15, 10),
       (900, 'Timing Belt Kit Water Pump For 04-06 Toyota Sienna 3.3L 3300CC 6 GAS DOHC', 100, 4),
       (902, 'Breakes Router', 80, 4),
       (904, 'Breaks fluid', 10, 10);

insert into Service
values (13999, 'Change  PTO PUMP', 87, 85, 178),
       (14140, 'INSTALL SPINNER ASSY', 66, 450, 178),
       (14169, 'DOG BONE PIN BROKEN', 88, 12, 283),
       (14073, 'PM SERVICE  CHECK TURN SIGNAL', 39, 20, 14),
       (14000, 'BRAKE PADs and Routers Replace', 46.4, 190, 248),
       (14155, 'HYD CAP CHECK ENGINE LIGHT ON', 37, 0, 248),
       (14157, 'TARP VALVE STICKINGRIGHT SIDE', 129.5, 58, 248),
       (14107, 'REMOVE & REPLACE REAR SPRINGS', 121, 62, 121),
       (14209, 'NEEDS SIGNAL BULBS', 39, 10, 121),
       (14212, 'NOISE AT IDLE', 87, 0, 121),
       (14213, 'NEED BOLTS FOR SPINNER SHILD', 18.5, 12, 121),
       (14232, 'SERVICEROB EXT5604', 78, 260, 13),
       (14068, 'SEAT BELT assembly replaced', 173.8, 210, 172),
       (14216, 'COOLANT LEAK SPINNER LIGHT OUT', 88, 70, 228),
       (14223, 'STOP LIGHTS NOT WORKING', 46, 10, 228),
       (14199, 'WASHER FLUIDDEF', 23, 62, 626);

insert into Part_Service
values (13999, 	785,	1),
        (14140,	323,	1),
        (14169,	484,	1),
        (14000,	867,	2),
        (14000,	902,	2),
        (14073,	811,	1),
        (14157,	211,	1),
        (14157,	487,	1),
        (14107,	1000,  2),
        (14107,	111,	1),
        (14209,	378,	2),
        (14213,	555,	4),
        (14068,	1211,	1),
        (14232,	783,	1),
        (14232,	785,	1),
        (14232,	900,	1),
        (14216,	390,	2),
        (14216,	418,	2),
        (14216,	425,	1),
        (14216,	904,	2),
        (14223,	390,	2),
        (14199,	214,	1),
        (14199,	800,	6),
        (14199,	822,	1),
        (14199,	825,	1);

insert into Vendor
values (1, 'Abernathy-Purdy', '3 Bobwhite Avenue', '113-873-3330'),
       (2, 'Auer, Okuneva and Streich', '1333 Nova Drive', '576-343-8318'),
       (3, 'Gleichner LLC', '25 Daystar Circle', '474-846-9283'),
       (4, 'Hane Inc', '11783 Oriole Trail', '835-181-9469'),
       (5, 'Hartmann, Ritchie and Buckridge', '0 Oak Lane', '341-991-9231'),
       (6, 'Kautzer LLC', '55 Packers Drive', '147-555-8000'),
       (7, 'Kshlerin, Bednar and Denesik', '57 Lawn Pass', '359-442-5927'),
       (8, 'Rogahn, Fisher and Tillman,', '25305 Clarendon Terrace', '793-526-8512'),
       (9, 'Senger Inc', '702 Hovde Center', '279-750-7429'),
       (10, 'Stehr, Ebert and Braun', '0588 Spaight Crossing', '245-140-0943');

insert into Part_Vendor
values (1000,	9),
        (1000,	2),
        (1000,	10),
        (111,	3),
        (111,	7),
        (1211,	2),
        (1211,	5),
        (1211,	10),
        (211,	6),
        (211,	7),
        (214,	5),
        (214,	1),
        (214,	2),
        (323,	2),
        (323,	1),
        (323,	6),
        (378,	8),
        (378,	2),
        (390,	6),
        (390,	1),
        (418,	8),
        (418,	5),
        (425,	4),
        (425,	7),
        (462,	10),
        (462,	4),
        (463,	4),
        (463,	3),
        (464,	9),
        (464,	8),
        (465,	8),
        (465,	3),
        (466,	8),
        (466,	10),
        (467,	8),
        (467,	7),
        (468,	1),
        (477,	1),
        (479,	1),
        (480,	1),
        (481,	6),
        (482,	6),
        (483,	6),
        (484,	6),
        (485,	2),
        (486,	2),
        (487,	2),
        (506,	2),
        (508,	9),
        (510,	9),
        (531,	9),
        (532,	9),
        (555,	10),
        (617,	10),
        (645,	10),
        (670,	10),
        (688,	9),
        (706,	9),
        (712,	9),
        (727,	5),
        (747,	5),
        (756,	5),
        (768,	5),
        (769,	7),
        (770,	7),
        (771,	7),
        (772,	3),
        (773,	10),
        (774,	10),
        (777,	66),
        (778,	6),
        (783,	1),
        (784,	1),
        (785,	3),
        (800,	3),
        (811,	3),
        (822,	9),
        (825,	9),
        (867,	9),
        (900,	3),
        (902,	10),
        (904,	10);


insert into Mechanic
values (1, 'Dorry Bremen', 29),
       (2, 'Abel Deschlein', 22),
       (3, 'Lou Rowlin', 39),
       (4, 'Andie MacCarroll', 37),
       (5, 'Georas Breche', 46);

insert into Mechanic_Service
values (13999,	'2015-01-02',	1,	3),
        (14140,	'2015-01-02',	2,	3),
        (14169,	'2015-01-05',	2,	4),
        (14000,	'2015-01-06',	1,	1.6),
        (14073,	'2015-01-06',	3,	1),
        (14155,	'2015-01-06',	4,	1),
        (14157,	'2015-01-06',	4,	3.5),
        (14107,	'2015-01-09',	1,	1),
        (14107,	'2015-01-09',	5,	2),
        (14209,	'2015-01-09',	3,	1),
        (14212,	'2015-01-09',	1,	3),
        (14213,	'2015-01-09',	4,	0.5),
        (14068,	'2015-01-14',	1,	4),
        (14068,	'2015-01-14',	2,	2),
        (14068,	'2015-01-14',	5,	0.3),
        (14232,	'2015-01-14',	3,	2),
        (14216,	'2015-01-15',	2,	4),
        (14223,	'2015-01-15',	5,	1),
        (14199,	'2015-02-07',	5,	0.5);